customer_id,total_orders,total_spent,avg_order_value,first_order,last_order,favorite_category,platforms_used
CUST00001,26,1045.12,18.662857142857142,2026-03-09 13:06:01.481442,2026-06-04 12:43:18.481442,热菜,美团外卖|微信小程序|饿了么
CUST00002,7,261.47,21.78916666666667,2026-03-20 07:02:12.481442,2026-05-29 18:31:10.481442,热菜,微信小程序|美团外卖|饿了么
CUST00003,16,501.12,15.66,2026-03-14 17:01:45.481442,2026-05-31 10:00:09.481442,饮品,微信小程序|美团外卖|饿了么
CUST00004,14,541.77,20.065555555555555,2026-03-11 23:44:35.481442,2026-05-30 06:04:19.481442,饮品,美团外卖|微信小程序|饿了么
CUST00005,48,2308.49,19.078429752066114,2026-03-07 20:05:36.481442,2026-06-04 19:52:51.481442,热菜,美团外卖|微信小程序|饿了么
CUST00006,31,1311.88,20.498125,2026-03-08 19:49:00.481442,2026-06-01 17:24:40.481442,热菜,美团外卖|微信小程序|饿了么
CUST00007,47,2005.52,18.919999999999998,2026-03-08 12:03:46.481442,2026-05-29 11:24:45.481442,热菜,饿了么|美团外卖|微信小程序
CUST00008,5,180.0,16.363636363636363,2026-04-01 19:56:46.481442,2026-05-16 11:41:33.481442,凉菜,微信小程序|美团外卖
CUST00009,29,1305.49,21.758166666666668,2026-03-08 06:45:34.481442,2026-06-03 13:11:12.481442,热菜,微信小程序|美团外卖|饿了么
CUST00010,19,731.61,18.29025,2026-03-08 12:00:24.481442,2026-06-03 19:42:07.481442,热菜,美团外卖|饿了么|微信小程序
CUST00011,50,2090.0,18.660714285714285,2026-03-08 12:15:40.481442,2026-06-03 10:38:12.481442,热菜,微信小程序|美团外卖|饿了么
CUST00012,5,261.0,23.727272727272727,2026-03-28 13:02:48.481442,2026-05-31 20:30:01.481442,热菜,美团外卖|微信小程序
CUST00013,10,439.59000000000003,19.98136363636364,2026-03-10 23:09:05.481442,2026-06-01 21:50:21.481442,热菜,美团外卖|微信小程序
CUST00014,26,1059.25,20.769607843137255,2026-03-08 19:01:23.481442,2026-06-04 18:56:16.481442,热菜,美团外卖|饿了么|微信小程序
CUST00015,44,1737.02,18.88065217391304,2026-03-09 09:27:21.481442,2026-06-02 12:47:29.481442,热菜,微信小程序|饿了么|美团外卖
CUST00016,45,1673.73,17.997096774193547,2026-03-13 10:53:21.481442,2026-06-04 19:32:12.481442,热菜,美团外卖|微信小程序|饿了么
CUST00017,35,1311.89,17.728243243243245,2026-03-07 13:06:03.481442,2026-05-27 20:25:10.481442,小吃,饿了么|美团外卖|微信小程序
CUST00018,11,429.43,17.1772,2026-04-01 03:22:54.481442,2026-05-14 17:05:15.481442,热菜,美团外卖|饿了么|微信小程序
CUST00019,22,976.27,19.14254901960784,2026-03-09 14:53:05.481442,2026-06-02 12:00:03.481442,热菜,微信小程序|美团外卖|饿了么
CUST00020,34,1428.9,21.650000000000002,2026-03-09 11:32:10.481442,2026-06-03 13:01:01.481442,热菜,美团外卖|微信小程序|饿了么
CUST00021,14,532.79,19.028214285714284,2026-03-07 19:03:45.481442,2026-05-27 17:08:49.481442,热菜,微信小程序|饿了么|美团外卖
CUST00022,46,1826.21,19.023020833333334,2026-03-10 10:45:46.481442,2026-06-04 22:11:04.481442,热菜,美团外卖|饿了么|微信小程序
CUST00023,24,979.74,20.845531914893616,2026-03-12 12:47:58.481442,2026-06-04 10:47:38.481442,热菜,美团外卖|饿了么|微信小程序
CUST00024,39,1465.44,16.652727272727272,2026-03-08 10:22:39.481442,2026-06-04 19:39:46.481442,热菜,饿了么|美团外卖|微信小程序
CUST00025,20,760.87,18.55780487804878,2026-03-08 13:25:54.481442,2026-05-28 12:28:31.481442,热菜,饿了么|美团外卖|微信小程序
CUST00026,10,427.36,21.368000000000002,2026-03-12 11:42:03.481442,2026-05-10 12:36:48.481442,饮品,饿了么|微信小程序|美团外卖
CUST00027,50,2038.65,19.052803738317756,2026-03-07 14:04:54.481442,2026-05-31 19:59:13.481442,热菜,美团外卖|微信小程序|饿了么
CUST00028,13,479.91,15.480967741935485,2026-03-14 12:09:12.481442,2026-05-31 11:28:09.481442,热菜,饿了么|美团外卖|微信小程序
CUST00029,20,940.29,18.437058823529412,2026-03-07 15:02:24.481442,2026-05-30 20:03:43.481442,汤类,饿了么|微信小程序|美团外卖
CUST00030,43,1836.17,18.00166666666667,2026-03-12 13:25:05.481442,2026-06-02 10:17:32.481442,热菜,饿了么|美团外卖|微信小程序
CUST00031,28,1381.23,21.924285714285716,2026-03-07 13:59:37.481442,2026-06-03 17:28:40.481442,热菜,美团外卖|微信小程序|饿了么
CUST00032,53,1993.68,18.290642201834864,2026-03-08 12:28:14.481442,2026-06-04 17:13:10.481442,热菜,美团外卖|微信小程序|饿了么
CUST00033,44,1900.63,18.633627450980395,2026-03-07 10:48:33.481442,2026-06-04 22:45:06.481442,热菜,微信小程序|美团外卖|饿了么
CUST00034,8,335.77,16.7885,2026-03-13 12:19:36.481442,2026-05-27 10:20:40.481442,热菜,饿了么|美团外卖|微信小程序
CUST00035,10,418.29,18.186521739130434,2026-03-07 12:57:20.481442,2026-05-26 18:33:20.481442,小吃,美团外卖|微信小程序
CUST00036,3,98.87,19.774,2026-04-03 21:51:54.481442,2026-05-28 11:45:32.481442,热菜,美团外卖|饿了么
CUST00037,32,1550.62,20.674933333333332,2026-03-09 12:08:53.481442,2026-06-04 18:46:52.481442,热菜,微信小程序|美团外卖|饿了么
CUST00038,31,1368.97,18.499594594594594,2026-03-07 13:08:38.481442,2026-06-04 11:51:33.481442,热菜,美团外卖|微信小程序|饿了么
CUST00039,17,777.49,21.013243243243245,2026-03-07 13:48:41.481442,2026-06-02 12:54:12.481442,小吃,微信小程序|美团外卖|饿了么
CUST00040,28,1349.96,20.768615384615384,2026-03-18 11:33:20.481442,2026-06-03 12:28:07.481442,热菜,微信小程序|美团外卖|饿了么
CUST00041,57,2184.29,17.758455284552845,2026-03-08 13:36:10.481442,2026-06-04 11:31:39.481442,热菜,饿了么|美团外卖|微信小程序
CUST00042,32,1227.74,16.591081081081082,2026-03-10 10:28:04.481442,2026-06-04 16:13:19.481442,热菜,饿了么|美团外卖|微信小程序
CUST00043,50,2134.08,19.400727272727273,2026-03-07 18:36:29.481442,2026-06-04 22:18:45.481442,热菜,微信小程序|饿了么|美团外卖
CUST00044,5,289.18,22.244615384615386,2026-04-07 12:28:42.481442,2026-06-04 18:58:40.481442,热菜,饿了么|微信小程序|美团外卖
CUST00045,30,1002.74,15.426769230769231,2026-03-07 10:58:22.481442,2026-06-02 20:05:25.481442,饮品,美团外卖|饿了么|微信小程序
CUST00046,20,719.84,18.943157894736842,2026-03-07 19:29:39.481442,2026-05-22 13:52:56.481442,热菜,美团外卖|饿了么|微信小程序
CUST00047,28,1192.36,18.926349206349204,2026-03-11 23:45:29.481442,2026-06-03 18:16:24.481442,热菜,饿了么|微信小程序|美团外卖
CUST00048,15,527.02,15.500588235294117,2026-03-10 18:42:17.481442,2026-05-28 10:56:32.481442,饮品,美团外卖|微信小程序|饿了么
CUST00049,12,619.75,20.658333333333335,2026-03-28 11:15:11.481442,2026-06-04 13:46:49.481442,热菜,美团外卖|饿了么|微信小程序
CUST00050,41,1680.38,19.095227272727275,2026-03-08 10:18:13.481442,2026-06-03 12:45:35.481442,热菜,微信小程序|美团外卖|饿了么
CUST00051,8,271.45,15.967647058823529,2026-03-16 10:12:48.481442,2026-06-01 18:46:26.481442,热菜,美团外卖|饿了么|微信小程序
CUST00052,12,494.57,20.607083333333332,2026-03-07 14:35:49.481442,2026-05-23 19:33:36.481442,热菜,微信小程序|饿了么|美团外卖
CUST00053,9,326.29,16.314500000000002,2026-03-07 23:43:29.481442,2026-06-04 07:17:13.481442,热菜,饿了么|微信小程序|美团外卖
CUST00054,13,419.09,15.521851851851851,2026-03-10 18:32:22.481442,2026-06-04 18:00:47.481442,饮品,微信小程序|美团外卖|饿了么
CUST00055,17,680.71,17.454102564102566,2026-03-13 12:49:19.481442,2026-05-31 16:42:56.481442,热菜,微信小程序|美团外卖|饿了么
CUST00056,12,436.23,18.17625,2026-03-13 19:09:29.481442,2026-06-02 20:33:29.481442,热菜,美团外卖|微信小程序|饿了么
CUST00057,42,1940.6,19.602020202020203,2026-03-07 14:28:38.481442,2026-06-02 18:49:06.481442,热菜,美团外卖|微信小程序|饿了么
CUST00058,39,1755.01,17.5501,2026-03-07 20:02:41.481442,2026-06-04 11:00:53.481442,热菜,微信小程序|饿了么|美团外卖
CUST00059,53,2262.93,18.54860655737705,2026-03-09 17:05:18.481442,2026-06-04 11:40:44.481442,热菜,微信小程序|饿了么|美团外卖
CUST00060,33,1289.04,17.903333333333332,2026-03-09 20:38:18.481442,2026-05-22 18:59:23.481442,热菜,美团外卖|微信小程序|饿了么
CUST00061,24,1016.71,22.102391304347826,2026-03-07 19:31:19.481442,2026-06-04 19:31:53.481442,饮品,美团外卖|微信小程序|饿了么
CUST00062,34,1425.84,17.17879518072289,2026-03-07 15:49:52.481442,2026-05-30 17:07:26.481442,热菜,美团外卖|饿了么|微信小程序
CUST00063,6,269.0,17.933333333333334,2026-03-12 08:31:12.481442,2026-05-18 19:32:33.481442,热菜,微信小程序|美团外卖|饿了么
CUST00064,33,1185.75,17.69776119402985,2026-03-08 20:38:26.481442,2026-06-03 10:54:57.481442,热菜,微信小程序|美团外卖|饿了么
CUST00065,29,1182.94,18.776825396825398,2026-03-07 12:23:07.481442,2026-06-03 12:22:28.481442,热菜,美团外卖|饿了么|微信小程序
CUST00066,13,577.02,20.607857142857142,2026-03-07 19:09:55.481442,2026-05-30 10:18:53.481442,汤类,微信小程序|美团外卖|饿了么
CUST00067,44,1607.46,17.664395604395605,2026-03-09 08:49:48.481442,2026-06-04 18:56:38.481442,热菜,美团外卖|微信小程序|饿了么
CUST00068,5,218.96,16.843076923076925,2026-03-09 12:54:32.481442,2026-05-17 11:38:18.481442,小吃,美团外卖|微信小程序
CUST00069,54,2109.88,19.356697247706425,2026-03-07 13:03:27.481442,2026-06-04 18:49:00.481442,热菜,美团外卖|饿了么|微信小程序
CUST00070,1,28.0,14.0,2026-05-09 13:55:30.481442,2026-05-09 13:55:30.481442,汤类,美团外卖
CUST00071,15,572.77,21.213703703703704,2026-03-11 19:43:57.481442,2026-06-03 20:57:37.481442,凉菜,饿了么|美团外卖|微信小程序
CUST00072,41,1621.3,19.771951219512193,2026-03-09 14:56:08.481442,2026-06-01 22:54:04.481442,热菜,饿了么|美团外卖|微信小程序
CUST00073,53,2083.07,18.937,2026-03-10 20:40:57.481442,2026-06-04 16:30:12.481442,热菜,美团外卖|微信小程序|饿了么
CUST00074,12,481.24,17.823703703703703,2026-03-21 19:10:50.481442,2026-06-02 15:15:24.481442,凉菜,微信小程序|美团外卖|饿了么
CUST00075,18,660.32,18.342222222222222,2026-03-09 20:50:33.481442,2026-06-02 18:59:20.481442,热菜,饿了么|美团外卖|微信小程序
CUST00076,14,486.91,17.389642857142857,2026-03-07 13:33:25.481442,2026-05-28 11:09:39.481442,热菜,美团外卖|饿了么|微信小程序
CUST00077,21,713.55,16.217045454545453,2026-03-11 06:04:39.481442,2026-06-02 09:32:38.481442,热菜,饿了么|美团外卖|微信小程序
CUST00078,49,1964.69,18.534811320754716,2026-03-08 18:31:09.481442,2026-06-02 20:46:03.481442,热菜,饿了么|微信小程序|美团外卖
CUST00079,30,975.13,16.252166666666668,2026-03-10 19:31:18.481442,2026-06-04 18:22:43.481442,热菜,饿了么|美团外卖|微信小程序
CUST00080,44,1398.13,15.88784090909091,2026-03-08 13:46:02.481442,2026-06-04 11:34:14.481442,热菜,美团外卖|微信小程序|饿了么
CUST00081,11,373.61,18.680500000000002,2026-03-18 11:19:51.481442,2026-06-04 15:04:09.481442,饮品,饿了么|美团外卖|微信小程序
CUST00082,16,775.41,19.38525,2026-03-12 19:45:46.481442,2026-05-29 18:20:10.481442,热菜,美团外卖|饿了么|微信小程序
CUST00083,22,872.59,18.565744680851065,2026-03-07 16:44:12.481442,2026-06-02 12:19:26.481442,凉菜,微信小程序|美团外卖|饿了么
CUST00084,37,1524.71,17.525402298850576,2026-03-07 13:49:29.481442,2026-06-03 19:11:13.481442,热菜,美团外卖|微信小程序|饿了么
CUST00085,28,976.52,19.147450980392158,2026-03-14 10:40:15.481442,2026-06-03 11:52:57.481442,热菜,饿了么|美团外卖|微信小程序
CUST00086,22,916.8,18.710204081632654,2026-03-07 18:05:43.481442,2026-06-03 19:36:26.481442,热菜,微信小程序|美团外卖|饿了么
CUST00087,24,867.84,17.016470588235293,2026-03-09 22:56:20.481442,2026-05-24 10:23:50.481442,热菜,微信小程序|美团外卖|饿了么
CUST00088,18,522.63,15.837272727272728,2026-03-09 11:18:57.481442,2026-05-29 18:34:03.481442,饮品,美团外卖|微信小程序|饿了么
CUST00089,4,78.0,11.142857142857142,2026-03-21 18:22:28.481442,2026-05-08 18:09:05.481442,饮品,饿了么|美团外卖
CUST00090,34,1474.34,20.47694444444444,2026-03-11 10:40:15.481442,2026-06-03 14:10:46.481442,热菜,微信小程序|饿了么|美团外卖
CUST00091,49,2119.19,19.091801801801804,2026-03-09 19:48:35.481442,2026-06-02 18:39:29.481442,热菜,饿了么|微信小程序|美团外卖
CUST00092,12,421.15,14.038333333333332,2026-03-07 22:17:09.481442,2026-05-28 09:05:48.481442,汤类,饿了么|美团外卖|微信小程序
CUST00093,15,709.5600000000001,19.177297297297297,2026-03-13 21:00:16.481442,2026-06-01 17:06:41.481442,热菜,美团外卖|微信小程序|饿了么
CUST00094,8,413.0,24.294117647058822,2026-03-07 09:05:37.481442,2026-05-31 10:26:06.481442,热菜,饿了么|美团外卖
CUST00095,17,492.27,15.3834375,2026-03-08 18:13:55.481442,2026-06-01 07:17:45.481442,小吃,微信小程序|美团外卖|饿了么
CUST00096,22,817.21,19.45738095238095,2026-03-08 19:40:56.481442,2026-06-03 18:58:12.481442,热菜,饿了么|美团外卖|微信小程序
CUST00097,14,489.53,16.317666666666664,2026-03-08 14:19:05.481442,2026-06-01 14:54:49.481442,热菜,美团外卖|饿了么|微信小程序
CUST00098,24,980.66,17.830181818181817,2026-03-13 20:11:19.481442,2026-05-30 14:21:59.481442,汤类,微信小程序|美团外卖|饿了么
CUST00099,53,2298.89,19.157416666666666,2026-03-07 19:26:29.481442,2026-06-02 12:41:56.481442,热菜,饿了么|微信小程序|美团外卖
CUST00100,51,1984.24,17.25426086956522,2026-03-08 12:33:35.481442,2026-06-04 12:30:03.481442,热菜,微信小程序|美团外卖|饿了么
CUST00101,51,2304.29,20.213070175438595,2026-03-07 11:02:29.481442,2026-06-04 11:44:49.481442,热菜,微信小程序|美团外卖|饿了么
CUST00102,16,501.57,15.6740625,2026-03-19 19:29:15.481442,2026-05-25 19:29:50.481442,饮品,微信小程序|美团外卖|饿了么
CUST00103,26,930.43,16.614821428571428,2026-03-15 17:08:38.481442,2026-06-04 18:30:21.481442,饮品,美团外卖|饿了么|微信小程序
CUST00104,18,768.25,19.69871794871795,2026-03-08 18:21:17.481442,2026-05-26 12:13:34.481442,热菜,微信小程序|美团外卖|饿了么
CUST00105,9,420.09000000000003,17.50375,2026-03-11 12:59:56.481442,2026-05-29 20:07:58.481442,热菜,美团外卖|微信小程序|饿了么
CUST00106,33,1390.11,20.146521739130435,2026-03-07 00:56:27.481442,2026-06-03 13:23:33.481442,热菜,饿了么|美团外卖|微信小程序
CUST00107,26,1214.89,19.91622950819672,2026-03-08 19:57:04.481442,2026-06-04 11:03:04.481442,热菜,美团外卖|微信小程序|饿了么
CUST00108,17,831.2,22.464864864864865,2026-03-07 11:51:29.481442,2026-05-24 18:03:29.481442,热菜,饿了么|美团外卖|微信小程序
CUST00109,27,1153.77,20.977636363636364,2026-03-08 13:15:07.481442,2026-05-29 18:57:45.481442,热菜,微信小程序|饿了么|美团外卖
CUST00110,47,2101.24,18.930090090090086,2026-03-07 10:40:36.481442,2026-06-04 06:37:51.481442,热菜,微信小程序|饿了么|美团外卖
CUST00111,34,1336.49,19.092714285714287,2026-03-08 19:19:59.481442,2026-06-04 19:17:31.481442,热菜,微信小程序|美团外卖|饿了么
CUST00112,51,2183.67,19.851545454545455,2026-03-09 18:31:59.481442,2026-06-04 18:54:01.481442,热菜,美团外卖|微信小程序|饿了么
CUST00113,11,414.42,18.83727272727273,2026-03-07 14:12:44.481442,2026-05-21 18:30:03.481442,热菜,微信小程序|美团外卖|饿了么
CUST00114,6,353.88,25.277142857142856,2026-03-23 19:49:03.481442,2026-05-31 10:34:09.481442,热菜,饿了么|美团外卖|微信小程序
CUST00115,14,646.4,19.011764705882353,2026-03-08 18:38:53.481442,2026-06-01 13:31:17.481442,热菜,美团外卖|饿了么|微信小程序
CUST00116,6,196.85,19.685,2026-04-11 17:31:31.481442,2026-05-15 10:41:44.481442,热菜,饿了么|美团外卖
CUST00117,6,231.0,17.76923076923077,2026-03-22 21:01:16.481442,2026-06-04 10:55:05.481442,热菜,饿了么|微信小程序|美团外卖
CUST00118,43,1967.24,20.07387755102041,2026-03-11 11:31:15.481442,2026-06-04 18:50:56.481442,热菜,美团外卖|微信小程序|饿了么
CUST00119,7,300.41,17.671176470588236,2026-03-11 18:41:36.481442,2026-05-10 14:27:39.481442,热菜,微信小程序|饿了么|美团外卖
CUST00120,18,887.89,20.648604651162792,2026-03-09 17:00:07.481442,2026-05-26 12:54:13.481442,热菜,美团外卖|饿了么|微信小程序
CUST00121,5,238.07999999999998,23.808,2026-04-26 19:32:05.481442,2026-05-30 18:34:00.481442,热菜,美团外卖|饿了么|微信小程序
CUST00122,3,191.0,23.875,2026-03-20 15:25:19.481442,2026-05-21 18:46:40.481442,热菜,美团外卖|饿了么
CUST00123,21,1039.37,19.61075471698113,2026-03-13 18:15:38.481442,2026-06-02 12:58:15.481442,热菜,美团外卖|微信小程序|饿了么
CUST00124,45,1750.26,16.51188679245283,2026-03-07 20:36:18.481442,2026-06-04 22:13:35.481442,热菜,饿了么|微信小程序|美团外卖
CUST00125,23,1037.32,21.610833333333332,2026-03-09 12:32:46.481442,2026-06-03 12:28:39.481442,热菜,美团外卖|微信小程序|饿了么
CUST00126,43,1732.68,18.432765957446808,2026-03-09 11:30:21.481442,2026-06-02 12:23:23.481442,热菜,微信小程序|美团外卖|饿了么
CUST00127,6,308.59000000000003,30.859,2026-04-03 11:16:05.481442,2026-05-29 17:58:39.481442,热菜,微信小程序|美团外卖|饿了么
CUST00128,9,282.08,14.846315789473683,2026-03-14 13:48:59.481442,2026-05-10 10:31:01.481442,饮品,微信小程序|饿了么|美团外卖
CUST00129,35,1380.21,19.439577464788734,2026-03-07 11:32:27.481442,2026-06-01 19:13:37.481442,热菜,饿了么|微信小程序|美团外卖
CUST00130,9,392.43,17.837727272727275,2026-04-04 13:04:52.481442,2026-05-23 19:50:23.481442,小吃,美团外卖|微信小程序|饿了么
CUST00131,33,1356.03,18.0804,2026-03-08 08:16:08.481442,2026-06-04 11:10:19.481442,热菜,微信小程序|美团外卖|饿了么
CUST00132,31,1507.13,20.645616438356164,2026-03-13 11:00:48.481442,2026-06-04 17:25:52.481442,热菜,饿了么|微信小程序|美团外卖
CUST00133,55,2508.18,19.44325581395349,2026-03-08 10:13:13.481442,2026-06-02 13:56:31.481442,热菜,微信小程序|饿了么|美团外卖
CUST00134,26,1191.4,20.901754385964914,2026-03-07 19:02:20.481442,2026-06-02 18:14:13.481442,热菜,饿了么|美团外卖|微信小程序
CUST00135,4,209.51999999999998,19.047272727272727,2026-03-14 11:35:15.481442,2026-05-16 18:30:16.481442,热菜,饿了么|美团外卖|微信小程序
CUST00136,27,1157.69,20.673035714285714,2026-03-08 19:23:33.481442,2026-05-30 10:11:20.481442,热菜,饿了么|美团外卖|微信小程序
CUST00137,14,447.78,14.925999999999998,2026-03-14 20:24:32.481442,2026-05-30 13:39:05.481442,凉菜,美团外卖|微信小程序|饿了么
CUST00138,15,718.31,18.902894736842104,2026-03-10 16:25:49.481442,2026-06-04 10:25:06.481442,热菜,微信小程序|美团外卖|饿了么
CUST00139,27,1203.8899999999999,20.756724137931034,2026-03-07 17:26:33.481442,2026-05-31 18:09:15.481442,热菜,美团外卖|微信小程序|饿了么
CUST00140,6,218.49,18.2075,2026-04-06 19:58:13.481442,2026-05-21 15:43:34.481442,汤类,微信小程序|美团外卖
CUST00141,8,276.27,17.266875,2026-03-19 11:37:08.481442,2026-05-13 01:39:44.481442,汤类,饿了么|美团外卖|微信小程序
CUST00142,28,1257.05,21.673275862068966,2026-03-08 11:41:31.481442,2026-06-03 18:31:48.481442,热菜,微信小程序|美团外卖|饿了么
CUST00143,22,932.32,17.265185185185185,2026-03-07 21:25:10.481442,2026-05-26 18:22:39.481442,热菜,美团外卖|微信小程序|饿了么
CUST00144,32,1537.29,18.52156626506024,2026-03-07 20:10:21.481442,2026-05-30 18:15:28.481442,热菜,微信小程序|饿了么|美团外卖
CUST00145,37,1598.88,19.263614457831327,2026-03-12 19:41:25.481442,2026-06-04 19:53:23.481442,热菜,美团外卖|微信小程序|饿了么
CUST00146,40,1712.04,18.021473684210527,2026-03-09 12:43:46.481442,2026-06-02 17:30:53.481442,热菜,饿了么|微信小程序|美团外卖
CUST00147,17,750.84,19.758947368421055,2026-03-15 13:51:40.481442,2026-05-22 11:18:35.481442,热菜,美团外卖|饿了么|微信小程序
CUST00148,17,641.91,19.45181818181818,2026-03-11 20:38:05.481442,2026-05-30 19:31:17.481442,汤类,微信小程序|美团外卖|饿了么
CUST00149,49,2010.15,19.144285714285715,2026-03-07 12:51:17.481442,2026-06-03 11:44:59.481442,热菜,微信小程序|饿了么|美团外卖
CUST00150,33,1211.08,18.075820895522387,2026-03-07 07:59:17.481442,2026-06-02 17:36:37.481442,热菜,饿了么|美团外卖|微信小程序
CUST00151,13,567.56,20.27,2026-03-20 10:50:11.481442,2026-06-03 10:38:19.481442,热菜,美团外卖|饿了么|微信小程序
CUST00152,36,1576.18,19.22170731707317,2026-03-12 09:59:19.481442,2026-05-29 09:59:41.481442,热菜,饿了么|美团外卖|微信小程序
CUST00153,52,2290.7,19.57863247863248,2026-03-09 22:58:51.481442,2026-06-04 13:38:10.481442,热菜,饿了么|美团外卖|微信小程序
CUST00154,32,1344.16,18.164324324324326,2026-03-07 10:54:43.481442,2026-06-03 19:25:33.481442,热菜,饿了么|微信小程序|美团外卖
CUST00155,4,119.52,14.94,2026-03-16 18:16:40.481442,2026-05-03 19:41:45.481442,热菜,微信小程序|饿了么
CUST00156,24,1030.59,20.6118,2026-03-07 15:57:45.481442,2026-06-03 18:24:27.481442,热菜,饿了么|微信小程序|美团外卖
CUST00157,20,650.19,16.671538461538464,2026-03-15 12:16:37.481442,2026-06-01 11:55:34.481442,饮品,微信小程序|美团外卖|饿了么
CUST00158,14,643.5,19.5,2026-03-15 19:59:51.481442,2026-05-18 18:28:53.481442,热菜,微信小程序|饿了么|美团外卖
CUST00159,45,2020.53,20.40939393939394,2026-03-07 21:24:55.481442,2026-05-31 15:50:48.481442,热菜,美团外卖|饿了么|微信小程序
CUST00160,12,424.46,16.9784,2026-03-08 15:57:48.481442,2026-05-13 18:00:20.481442,饮品,美团外卖|饿了么|微信小程序
CUST00161,30,1404.75,20.067857142857143,2026-03-07 13:25:07.481442,2026-05-25 18:59:48.481442,热菜,饿了么|美团外卖|微信小程序
CUST00162,15,798.9,21.023684210526316,2026-03-08 13:26:12.481442,2026-06-02 21:29:57.481442,热菜,饿了么|美团外卖|微信小程序
CUST00163,9,376.63,19.82263157894737,2026-03-18 14:12:51.481442,2026-05-19 11:37:09.481442,汤类,饿了么|美团外卖|微信小程序
CUST00164,13,544.18,18.764827586206895,2026-03-15 10:31:48.481442,2026-06-04 17:58:59.481442,凉菜,美团外卖|饿了么|微信小程序
CUST00165,51,1794.41,17.421456310679613,2026-03-08 13:21:21.481442,2026-06-03 17:28:49.481442,热菜,饿了么|美团外卖|微信小程序
CUST00166,4,100.64,12.58,2026-04-23 17:37:25.481442,2026-06-01 16:01:03.481442,饮品,美团外卖|饿了么
CUST00167,37,1558.85,19.010365853658534,2026-03-07 09:27:17.481442,2026-06-04 11:15:08.481442,热菜,美团外卖|微信小程序|饿了么
CUST00168,40,1563.46,18.39364705882353,2026-03-08 17:11:57.481442,2026-06-01 20:14:24.481442,热菜,饿了么|微信小程序|美团外卖
CUST00169,52,2103.74,17.531166666666664,2026-03-07 12:08:27.481442,2026-06-02 18:08:43.481442,热菜,饿了么|微信小程序|美团外卖
CUST00170,16,595.08,19.196129032258067,2026-03-07 10:52:43.481442,2026-05-31 00:26:31.481442,热菜,美团外卖|微信小程序|饿了么
CUST00171,15,527.2,17.573333333333334,2026-03-14 09:49:27.481442,2026-06-04 11:10:27.481442,主食,饿了么|美团外卖|微信小程序
CUST00172,43,1741.62,19.351333333333333,2026-03-07 14:54:13.481442,2026-05-25 21:22:30.481442,热菜,美团外卖|饿了么|微信小程序
CUST00173,12,417.81,16.7124,2026-03-21 18:05:30.481442,2026-06-03 23:58:07.481442,饮品,微信小程序|美团外卖|饿了么
CUST00174,35,1306.77,16.75346153846154,2026-03-07 14:20:21.481442,2026-06-03 16:46:34.481442,热菜,美团外卖|饿了么|微信小程序
CUST00175,9,353.64,17.682,2026-03-14 10:51:56.481442,2026-06-04 12:01:05.481442,热菜,饿了么|微信小程序|美团外卖
CUST00176,52,2454.71,21.345304347826087,2026-03-08 11:09:33.481442,2026-06-03 18:42:08.481442,热菜,饿了么|微信小程序|美团外卖
CUST00177,14,653.11,17.651621621621622,2026-03-08 18:17:34.481442,2026-05-29 14:20:47.481442,小吃,微信小程序|饿了么|美团外卖
CUST00178,31,1051.47,17.2372131147541,2026-03-07 10:36:33.481442,2026-06-02 11:52:26.481442,热菜,微信小程序|饿了么|美团外卖
CUST00179,7,226.5,17.423076923076923,2026-03-12 13:49:20.481442,2026-05-15 12:38:50.481442,热菜,微信小程序|美团外卖|饿了么
CUST00180,49,1975.26,18.4603738317757,2026-03-07 12:33:11.481442,2026-06-04 14:21:12.481442,热菜,饿了么|微信小程序|美团外卖
CUST00181,21,1015.73,18.138035714285714,2026-03-12 10:04:26.481442,2026-06-03 12:09:34.481442,热菜,美团外卖|微信小程序|饿了么
CUST00182,40,1914.97,19.947604166666668,2026-03-09 18:35:13.481442,2026-06-03 18:32:57.481442,热菜,微信小程序|美团外卖|饿了么
CUST00183,10,488.34000000000003,20.3475,2026-03-21 10:30:58.481442,2026-06-04 21:05:36.481442,热菜,微信小程序|饿了么|美团外卖
CUST00184,6,213.62,17.801666666666666,2026-03-12 20:09:30.481442,2026-05-26 11:28:04.481442,热菜,饿了么|美团外卖|微信小程序
CUST00185,47,1982.29,19.245533980582525,2026-03-07 23:10:43.481442,2026-06-03 13:03:39.481442,热菜,微信小程序|美团外卖|饿了么
CUST00186,19,702.06,18.475263157894734,2026-03-20 10:15:53.481442,2026-06-01 18:24:31.481442,热菜,美团外卖|饿了么|微信小程序
CUST00187,4,179.0,19.88888888888889,2026-03-11 17:19:44.481442,2026-05-28 17:34:28.481442,汤类,美团外卖|饿了么|微信小程序
CUST00188,12,548.24,18.904827586206896,2026-03-10 07:02:01.481442,2026-06-02 11:38:34.481442,热菜,饿了么|微信小程序|美团外卖
CUST00189,11,423.29,16.9316,2026-03-12 09:25:02.481442,2026-05-21 12:12:48.481442,主食,美团外卖|微信小程序|饿了么
CUST00190,35,1473.59,18.892179487179487,2026-03-08 10:50:19.481442,2026-05-31 13:38:01.481442,热菜,饿了么|美团外卖|微信小程序
CUST00191,46,2278.21,20.341160714285714,2026-03-09 10:08:46.481442,2026-06-04 20:23:27.481442,热菜,美团外卖|饿了么|微信小程序
CUST00192,9,431.62,19.61909090909091,2026-03-09 11:16:03.481442,2026-05-28 11:23:15.481442,热菜,微信小程序|美团外卖|饿了么
CUST00193,5,282.03,23.502499999999998,2026-04-13 20:13:09.481442,2026-05-25 10:24:48.481442,热菜,微信小程序|美团外卖|饿了么
CUST00194,12,480.22,20.00916666666667,2026-03-12 18:02:30.481442,2026-05-27 16:49:45.481442,热菜,美团外卖|微信小程序|饿了么
CUST00195,24,1002.46,18.91433962264151,2026-03-07 12:50:08.481442,2026-05-23 18:48:15.481442,凉菜,美团外卖|饿了么|微信小程序
CUST00196,35,1511.69,19.380641025641026,2026-03-10 12:35:14.481442,2026-06-01 14:38:37.481442,热菜,美团外卖|微信小程序|饿了么
CUST00197,12,538.73,21.5492,2026-03-22 11:07:24.481442,2026-05-24 21:55:57.481442,饮品,美团外卖|微信小程序|饿了么
CUST00198,6,346.11,20.359411764705882,2026-03-14 11:46:51.481442,2026-06-04 11:51:43.481442,热菜,饿了么|美团外卖|微信小程序
CUST00199,14,618.84,22.101428571428574,2026-03-24 15:35:47.481442,2026-06-04 16:28:48.481442,热菜,饿了么|微信小程序|美团外卖
CUST00200,15,764.47,20.117631578947368,2026-03-08 18:50:54.481442,2026-06-03 17:41:02.481442,热菜,美团外卖|微信小程序|饿了么
CUST00201,16,709.86,19.718333333333334,2026-03-25 19:43:22.481442,2026-06-04 12:16:52.481442,热菜,饿了么|美团外卖|微信小程序
CUST00202,53,2340.15,20.527631578947368,2026-03-07 20:53:52.481442,2026-06-03 17:04:51.481442,热菜,美团外卖|微信小程序|饿了么
CUST00203,51,2235.61,19.44008695652174,2026-03-07 20:53:10.481442,2026-06-04 11:36:27.481442,热菜,饿了么|微信小程序|美团外卖
CUST00204,12,401.13,15.428076923076922,2026-03-14 15:45:50.481442,2026-06-04 11:12:57.481442,热菜,美团外卖|饿了么|微信小程序
CUST00205,17,860.84,20.496190476190478,2026-03-09 18:12:28.481442,2026-06-04 17:48:27.481442,热菜,微信小程序|美团外卖|饿了么
CUST00206,50,2226.88,19.36417391304348,2026-03-07 13:48:02.481442,2026-06-04 17:43:07.481442,热菜,美团外卖|微信小程序|饿了么
CUST00207,43,1820.78,17.67747572815534,2026-03-09 19:53:42.481442,2026-06-04 18:20:27.481442,热菜,微信小程序|美团外卖|饿了么
CUST00208,8,326.65,18.147222222222222,2026-03-19 12:51:31.481442,2026-05-29 14:42:32.481442,热菜,饿了么|微信小程序|美团外卖
CUST00209,49,2066.58,18.288318584070797,2026-03-11 16:23:46.481442,2026-06-03 10:42:38.481442,热菜,美团外卖|微信小程序|饿了么
CUST00210,40,1539.1,17.896511627906975,2026-03-07 20:11:55.481442,2026-06-04 11:45:50.481442,热菜,微信小程序|美团外卖|饿了么
CUST00211,11,359.82,15.644347826086957,2026-03-17 07:14:15.481442,2026-05-25 09:59:33.481442,汤类,美团外卖|微信小程序|饿了么
CUST00212,17,699.55,17.06219512195122,2026-04-02 17:37:50.481442,2026-06-03 13:14:45.481442,热菜,微信小程序|美团外卖|饿了么
CUST00213,14,469.19,16.756785714285716,2026-03-10 19:33:18.481442,2026-05-31 20:09:40.481442,饮品,美团外卖|微信小程序|饿了么
CUST00214,20,795.07,19.391951219512197,2026-03-12 19:05:04.481442,2026-06-04 17:43:04.481442,热菜,微信小程序|美团外卖|饿了么
CUST00215,22,975.64,20.758297872340425,2026-03-10 12:09:49.481442,2026-06-04 14:34:24.481442,热菜,美团外卖|微信小程序|饿了么
CUST00216,32,1298.77,19.678333333333335,2026-03-08 18:15:02.481442,2026-05-30 20:00:44.481442,热菜,饿了么|美团外卖|微信小程序
CUST00217,28,1055.52,17.592,2026-03-13 14:05:49.481442,2026-06-02 18:32:51.481442,热菜,饿了么|微信小程序|美团外卖
CUST00218,17,755.74,19.37794871794872,2026-03-08 13:47:19.481442,2026-05-30 16:04:12.481442,热菜,微信小程序|饿了么|美团外卖
CUST00219,10,396.83000000000004,19.841500000000003,2026-03-14 17:07:42.481442,2026-06-04 11:38:31.481442,主食,美团外卖|微信小程序|饿了么
CUST00220,8,390.14,22.949411764705882,2026-03-14 09:58:53.481442,2026-06-04 18:15:58.481442,热菜,微信小程序|美团外卖|饿了么
CUST00221,13,653.09,24.18851851851852,2026-03-07 14:57:27.481442,2026-05-23 20:06:55.481442,热菜,美团外卖|微信小程序|饿了么
CUST00222,15,675.46,19.298857142857145,2026-03-27 11:54:55.481442,2026-05-31 11:09:11.481442,热菜,微信小程序|饿了么|美团外卖
CUST00223,40,1460.78,17.814390243902437,2026-03-08 12:48:20.481442,2026-06-04 19:39:29.481442,热菜,饿了么|美团外卖|微信小程序
CUST00224,31,1216.5,17.889705882352942,2026-03-07 20:09:09.481442,2026-06-02 18:31:53.481442,热菜,饿了么|微信小程序|美团外卖
CUST00225,27,1230.29,20.168688524590163,2026-03-10 10:55:28.481442,2026-05-30 12:17:41.481442,热菜,美团外卖|微信小程序|饿了么
CUST00226,31,1333.25,19.606617647058822,2026-03-08 08:14:50.481442,2026-05-28 15:17:31.481442,热菜,美团外卖|微信小程序|饿了么
CUST00227,6,139.62,15.513333333333334,2026-03-20 18:20:38.481442,2026-05-26 12:14:04.481442,凉菜,饿了么|美团外卖|微信小程序
CUST00228,34,1284.75,18.095070422535212,2026-03-08 12:54:24.481442,2026-06-01 15:00:06.481442,热菜,美团外卖|饿了么|微信小程序
CUST00229,7,341.0,21.3125,2026-03-21 11:10:15.481442,2026-05-24 12:21:05.481442,热菜,微信小程序|美团外卖|饿了么
CUST00230,10,390.1,15.003846153846155,2026-03-09 20:12:51.481442,2026-06-03 20:15:58.481442,凉菜,美团外卖|微信小程序|饿了么
CUST00231,16,665.14,17.976756756756757,2026-03-07 19:35:44.481442,2026-06-03 17:34:05.481442,热菜,饿了么|美团外卖|微信小程序
CUST00232,15,699.87,20.584411764705884,2026-03-07 22:43:29.481442,2026-05-20 13:00:43.481442,热菜,饿了么|美团外卖|微信小程序
CUST00233,15,752.54,20.338918918918917,2026-03-07 19:58:45.481442,2026-06-03 13:47:59.481442,热菜,饿了么|美团外卖|微信小程序
CUST00234,31,1466.97,20.095479452054796,2026-03-13 19:31:36.481442,2026-06-03 18:46:40.481442,热菜,美团外卖|微信小程序|饿了么
CUST00235,42,1852.52,18.90326530612245,2026-03-09 17:30:26.481442,2026-06-03 21:04:27.481442,热菜,美团外卖|饿了么|微信小程序
CUST00236,14,628.24,18.47764705882353,2026-03-10 22:38:54.481442,2026-06-03 11:24:17.481442,热菜,美团外卖|微信小程序|饿了么
CUST00237,33,1233.68,16.23263157894737,2026-03-08 17:21:12.481442,2026-05-25 12:27:48.481442,饮品,美团外卖|饿了么|微信小程序
CUST00238,43,1838.45,18.953092783505156,2026-03-08 17:55:14.481442,2026-06-04 10:10:58.481442,热菜,微信小程序|饿了么|美团外卖
CUST00239,17,655.1,16.797435897435896,2026-03-19 10:47:33.481442,2026-06-01 18:14:21.481442,热菜,美团外卖|微信小程序|饿了么
CUST00240,50,1982.96,18.19229357798165,2026-03-08 11:49:01.481442,2026-06-04 14:39:17.481442,热菜,美团外卖|微信小程序|饿了么
CUST00241,8,332.22,20.76375,2026-03-21 11:17:27.481442,2026-05-29 11:10:44.481442,热菜,微信小程序|饿了么|美团外卖
CUST00242,5,206.31,20.631,2026-03-16 13:09:36.481442,2026-06-02 11:11:59.481442,凉菜,饿了么|美团外卖
CUST00243,4,158.94,15.894,2026-03-14 13:23:57.481442,2026-05-19 10:33:41.481442,热菜,美团外卖|微信小程序
CUST00244,39,1600.33,18.394597701149426,2026-03-07 18:02:54.481442,2026-06-04 12:32:41.481442,热菜,微信小程序|饿了么|美团外卖
CUST00245,44,1699.92,17.893894736842107,2026-03-08 11:37:11.481442,2026-06-02 11:46:03.481442,热菜,微信小程序|美团外卖|饿了么
CUST00246,5,226.11,18.8425,2026-03-08 17:26:40.481442,2026-06-01 10:42:54.481442,主食,美团外卖|微信小程序|饿了么
CUST00247,30,1113.0,18.864406779661017,2026-03-12 11:10:53.481442,2026-05-25 15:18:17.481442,主食,饿了么|美团外卖|微信小程序
CUST00248,8,391.72,21.762222222222224,2026-03-12 18:49:15.481442,2026-05-20 19:45:44.481442,凉菜,饿了么|美团外卖
CUST00249,9,560.15,25.461363636363636,2026-03-12 08:29:08.481442,2026-05-22 11:33:06.481442,热菜,美团外卖|微信小程序|饿了么
CUST00250,7,333.0,18.5,2026-03-15 08:28:38.481442,2026-05-31 12:04:33.481442,饮品,美团外卖|微信小程序|饿了么
CUST00251,28,1362.11,22.32967213114754,2026-03-07 19:36:52.481442,2026-06-02 16:10:16.481442,热菜,美团外卖|饿了么|微信小程序
CUST00252,31,1244.3,18.571641791044776,2026-03-08 12:05:27.481442,2026-06-04 20:47:01.481442,饮品,美团外卖|饿了么|微信小程序
CUST00253,4,111.31,15.901428571428571,2026-04-20 13:53:13.481442,2026-06-01 09:11:50.481442,小吃,美团外卖|微信小程序
CUST00254,20,790.54,17.96681818181818,2026-03-07 12:44:05.481442,2026-06-04 19:50:15.481442,热菜,美团外卖|微信小程序|饿了么
CUST00255,49,1771.99,16.87609523809524,2026-03-07 18:20:55.481442,2026-06-03 18:54:19.481442,热菜,微信小程序|饿了么|美团外卖
CUST00256,18,777.34,18.959512195121953,2026-03-15 17:54:57.481442,2026-05-31 19:38:57.481442,热菜,饿了么|微信小程序|美团外卖
CUST00257,9,353.6,17.68,2026-03-07 12:21:40.481442,2026-06-04 21:20:20.481442,饮品,美团外卖|微信小程序|饿了么
CUST00258,18,747.62,20.205945945945945,2026-03-10 13:29:21.481442,2026-05-29 08:01:03.481442,热菜,微信小程序|饿了么|美团外卖
CUST00259,14,540.24,16.8825,2026-03-10 11:46:34.481442,2026-05-29 13:58:19.481442,主食,饿了么|美团外卖|微信小程序
CUST00260,45,1840.46,18.404600000000002,2026-03-07 12:54:27.481442,2026-06-01 13:42:04.481442,热菜,美团外卖|微信小程序|饿了么
CUST00261,12,500.59000000000003,17.261724137931036,2026-03-09 18:35:15.481442,2026-05-27 10:36:51.481442,主食,饿了么|微信小程序|美团外卖
CUST00262,6,190.95999999999998,13.639999999999999,2026-03-19 18:42:11.481442,2026-06-03 11:40:06.481442,小吃,微信小程序|饿了么|美团外卖
CUST00263,43,1766.7,19.414285714285715,2026-03-07 09:33:47.481442,2026-05-29 18:20:20.481442,热菜,微信小程序|美团外卖|饿了么
CUST00264,19,654.25,16.775641025641026,2026-03-16 19:25:34.481442,2026-06-03 19:02:47.481442,热菜,饿了么|微信小程序|美团外卖
CUST00265,2,58.0,14.5,2026-03-07 19:26:35.481442,2026-05-30 18:14:24.481442,凉菜,饿了么
CUST00266,16,611.77,20.392333333333333,2026-03-09 11:34:49.481442,2026-06-04 14:42:50.481442,热菜,饿了么|美团外卖|微信小程序
CUST00267,12,480.86,17.173571428571428,2026-03-08 14:29:52.481442,2026-05-25 12:16:45.481442,热菜,微信小程序|美团外卖|饿了么
CUST00268,17,629.79,19.084545454545452,2026-03-09 12:45:22.481442,2026-06-02 12:45:36.481442,热菜,饿了么|美团外卖|微信小程序
CUST00269,31,1373.4,17.607692307692307,2026-03-07 18:27:49.481442,2026-05-31 18:33:56.481442,热菜,美团外卖|微信小程序|饿了么
CUST00270,37,1375.34,16.77243902439024,2026-03-14 17:17:56.481442,2026-06-04 20:56:58.481442,热菜,饿了么|美团外卖|微信小程序
CUST00271,5,157.09,19.63625,2026-03-19 18:24:36.481442,2026-06-04 10:33:39.481442,主食,微信小程序|饿了么
CUST00272,8,302.21,20.147333333333332,2026-03-21 20:27:36.481442,2026-05-16 17:39:36.481442,主食,美团外卖|饿了么|微信小程序
CUST00273,10,428.85,22.571052631578947,2026-03-14 18:58:33.481442,2026-05-18 18:09:55.481442,热菜,饿了么|美团外卖|微信小程序
CUST00274,1,46.0,23.0,2026-03-13 12:09:41.481442,2026-03-13 12:09:41.481442,凉菜,饿了么
CUST00275,12,792.07,27.312758620689657,2026-03-19 10:58:58.481442,2026-06-02 17:00:46.481442,热菜,微信小程序|饿了么|美团外卖
CUST00276,13,728.97,21.44029411764706,2026-03-15 18:34:08.481442,2026-05-31 19:23:28.481442,热菜,微信小程序|美团外卖|饿了么
CUST00277,14,590.0,22.692307692307693,2026-03-12 18:24:20.481442,2026-06-02 08:38:06.481442,小吃,饿了么|微信小程序|美团外卖
CUST00278,15,531.62,17.149032258064516,2026-03-09 18:13:30.481442,2026-06-03 11:00:41.481442,热菜,饿了么|微信小程序|美团外卖
CUST00279,17,843.14,20.564390243902437,2026-03-07 15:18:32.481442,2026-05-29 11:14:36.481442,热菜,饿了么|美团外卖|微信小程序
CUST00280,12,583.84,20.13241379310345,2026-03-16 10:34:49.481442,2026-06-04 22:44:25.481442,凉菜,美团外卖|微信小程序|饿了么
CUST00281,7,343.11,19.061666666666667,2026-03-23 08:27:51.481442,2026-05-17 12:02:15.481442,热菜,饿了么|美团外卖|微信小程序
CUST00282,39,1591.15,18.942261904761907,2026-03-12 18:29:42.481442,2026-06-04 18:20:19.481442,热菜,美团外卖|微信小程序|饿了么
CUST00283,35,1374.98,18.091842105263158,2026-03-10 17:14:38.481442,2026-06-01 12:08:23.481442,热菜,微信小程序|饿了么|美团外卖
CUST00284,59,2370.91,19.120241935483868,2026-03-09 17:22:30.481442,2026-06-03 14:46:38.481442,热菜,微信小程序|饿了么|美团外卖
CUST00285,17,879.84,25.87764705882353,2026-03-07 17:38:55.481442,2026-06-01 13:53:17.481442,热菜,饿了么|美团外卖|微信小程序
CUST00286,53,2166.23,19.17017699115044,2026-03-07 17:57:16.481442,2026-06-04 18:20:29.481442,热菜,美团外卖|微信小程序|饿了么
CUST00287,24,1111.25,20.578703703703702,2026-03-13 20:19:08.481442,2026-06-01 19:07:07.481442,热菜,微信小程序|美团外卖|饿了么
CUST00288,19,920.71,21.41186046511628,2026-03-09 19:38:32.481442,2026-05-27 18:48:32.481442,热菜,美团外卖|微信小程序|饿了么
CUST00289,31,1285.47,20.08546875,2026-03-13 10:12:29.481442,2026-06-04 22:55:44.481442,热菜,美团外卖|微信小程序|饿了么
CUST00290,16,724.11,19.57054054054054,2026-03-07 20:48:17.481442,2026-05-29 14:11:32.481442,热菜,美团外卖|微信小程序|饿了么
CUST00291,41,1709.17,19.422386363636363,2026-03-13 14:05:58.481442,2026-06-03 19:53:00.481442,热菜,饿了么|微信小程序|美团外卖
CUST00292,42,1611.15,17.5125,2026-03-10 12:35:43.481442,2026-06-03 17:02:07.481442,热菜,微信小程序|美团外卖|饿了么
CUST00293,3,294.0,32.666666666666664,2026-03-12 14:43:24.481442,2026-06-01 12:16:01.481442,热菜,美团外卖|微信小程序
CUST00294,16,613.03,15.718717948717948,2026-03-18 19:33:14.481442,2026-06-02 20:05:56.481442,热菜,微信小程序|美团外卖|饿了么
CUST00295,47,1942.11,18.321792452830188,2026-03-07 12:06:08.481442,2026-06-03 19:03:42.481442,热菜,美团外卖|微信小程序|饿了么
CUST00296,14,551.83,17.2446875,2026-03-07 11:29:03.481442,2026-05-28 12:07:01.481442,热菜,微信小程序|饿了么|美团外卖
CUST00297,15,445.58,14.852666666666666,2026-03-12 09:30:52.481442,2026-06-02 19:12:29.481442,饮品,微信小程序|美团外卖|饿了么
CUST00298,21,912.14,20.269777777777776,2026-03-07 20:42:28.481442,2026-06-04 11:50:09.481442,热菜,美团外卖|微信小程序|饿了么
CUST00299,11,410.43,18.65590909090909,2026-03-19 10:30:27.481442,2026-05-28 12:32:08.481442,热菜,饿了么|微信小程序|美团外卖
CUST00300,44,1835.09,19.31673684210526,2026-03-08 18:46:12.481442,2026-06-02 11:50:26.481442,热菜,微信小程序|美团外卖|饿了么
CUST00301,50,1999.41,18.176454545454547,2026-03-07 11:46:03.481442,2026-06-04 11:26:42.481442,热菜,微信小程序|饿了么|美团外卖
CUST00302,8,337.44,18.746666666666666,2026-03-07 11:16:13.481442,2026-05-10 06:04:58.481442,热菜,美团外卖|微信小程序|饿了么
CUST00303,28,1128.28,19.45310344827586,2026-03-07 19:57:32.481442,2026-06-02 12:32:02.481442,热菜,微信小程序|美团外卖|饿了么
CUST00304,8,440.89,20.040454545454544,2026-04-12 17:29:07.481442,2026-05-27 17:56:00.481442,热菜,微信小程序|美团外卖|饿了么
CUST00305,8,236.0,18.153846153846153,2026-03-18 17:59:51.481442,2026-05-27 18:40:13.481442,热菜,饿了么|微信小程序
CUST00306,11,525.22,22.835652173913044,2026-03-11 17:33:29.481442,2026-05-01 12:47:20.481442,热菜,美团外卖|饿了么
CUST00307,8,355.83,22.239375,2026-03-30 13:16:51.481442,2026-06-02 09:26:35.481442,热菜,饿了么|美团外卖|微信小程序
CUST00308,37,1676.8899999999999,19.498720930232558,2026-03-07 11:56:33.481442,2026-06-01 19:51:58.481442,热菜,饿了么|美团外卖|微信小程序
CUST00309,18,709.3199999999999,17.732999999999997,2026-03-09 12:43:33.481442,2026-06-03 10:36:52.481442,热菜,美团外卖|饿了么|微信小程序
CUST00310,30,1465.99,22.211969696969696,2026-03-10 17:14:43.481442,2026-06-04 19:26:47.481442,热菜,饿了么|美团外卖|微信小程序
CUST00311,31,1329.74,19.27159420289855,2026-03-08 15:37:21.481442,2026-06-02 19:54:45.481442,热菜,微信小程序|美团外卖|饿了么
CUST00312,41,1579.46,18.581882352941175,2026-03-07 09:24:04.481442,2026-06-04 12:46:11.481442,热菜,美团外卖|微信小程序|饿了么
CUST00313,54,2152.47,18.397179487179486,2026-03-07 19:38:32.481442,2026-06-04 11:28:04.481442,热菜,饿了么|美团外卖|微信小程序
CUST00314,6,274.0,24.90909090909091,2026-03-13 19:54:31.481442,2026-05-22 11:42:04.481442,凉菜,美团外卖|微信小程序|饿了么
CUST00315,8,395.82,20.832631578947368,2026-03-11 17:49:35.481442,2026-06-03 17:58:08.481442,热菜,美团外卖|微信小程序|饿了么
CUST00316,17,792.5699999999999,21.42081081081081,2026-03-16 22:12:16.481442,2026-06-03 17:50:37.481442,热菜,美团外卖|饿了么|微信小程序
CUST00317,31,1536.51,22.268260869565218,2026-03-07 13:33:40.481442,2026-06-04 17:36:33.481442,热菜,饿了么|美团外卖|微信小程序
CUST00318,48,1973.28,17.93890909090909,2026-03-07 08:40:28.481442,2026-05-30 06:01:55.481442,热菜,饿了么|美团外卖|微信小程序
CUST00319,43,2225.21,22.2521,2026-03-07 16:07:30.481442,2026-06-04 18:45:59.481442,热菜,美团外卖|微信小程序|饿了么
CUST00320,19,848.73,17.321020408163264,2026-03-10 12:25:10.481442,2026-06-02 21:19:51.481442,热菜,微信小程序|饿了么|美团外卖
CUST00321,18,865.03,21.62575,2026-03-07 09:12:58.481442,2026-05-29 11:57:44.481442,热菜,饿了么|美团外卖|微信小程序
CUST00322,19,740.52,17.22139534883721,2026-03-13 18:05:24.481442,2026-05-30 09:30:49.481442,汤类,微信小程序|饿了么|美团外卖
CUST00323,11,425.54,18.501739130434782,2026-03-19 11:39:25.481442,2026-06-01 14:55:39.481442,热菜,美团外卖|饿了么
CUST00324,21,959.24,19.576326530612246,2026-03-07 19:32:13.481442,2026-05-26 17:45:40.481442,饮品,美团外卖|饿了么|微信小程序
CUST00325,4,205.72,25.715,2026-03-15 11:50:53.481442,2026-06-03 11:11:54.481442,主食,美团外卖|微信小程序
CUST00326,19,632.66,17.09891891891892,2026-03-18 08:12:14.481442,2026-06-01 14:39:10.481442,热菜,美团外卖|微信小程序|饿了么
CUST00327,12,440.32,18.346666666666668,2026-03-15 10:52:27.481442,2026-05-30 18:39:12.481442,热菜,微信小程序|美团外卖|饿了么
CUST00328,16,691.19,19.199722222222224,2026-03-08 20:22:57.481442,2026-06-01 12:12:25.481442,热菜,微信小程序|美团外卖|饿了么
CUST00329,31,1160.9,17.32686567164179,2026-03-09 11:14:22.481442,2026-06-04 14:50:59.481442,热菜,美团外卖|微信小程序|饿了么
CUST00330,30,1160.94,18.42761904761905,2026-03-08 21:17:49.481442,2026-06-03 11:29:52.481442,热菜,微信小程序|饿了么|美团外卖
CUST00331,29,1170.14,17.72939393939394,2026-03-08 11:03:29.481442,2026-06-04 08:17:42.481442,热菜,微信小程序|美团外卖|饿了么
CUST00332,8,327.21,17.22157894736842,2026-03-09 18:22:44.481442,2026-05-03 12:06:59.481442,热菜,饿了么|美团外卖|微信小程序
CUST00333,46,1736.12,17.02078431372549,2026-03-07 20:39:48.481442,2026-06-01 18:42:03.481442,热菜,美团外卖|饿了么|微信小程序
CUST00334,53,2327.95,18.6236,2026-03-07 16:50:45.481442,2026-06-04 11:32:45.481442,热菜,美团外卖|微信小程序|饿了么
CUST00335,47,1726.87,16.930098039215686,2026-03-08 17:04:17.481442,2026-06-03 14:50:20.481442,热菜,美团外卖|微信小程序|饿了么
CUST00336,49,2291.77,20.834272727272726,2026-03-13 16:21:03.481442,2026-06-04 18:30:21.481442,热菜,微信小程序|饿了么|美团外卖
CUST00337,7,309.24,17.18,2026-03-18 18:46:01.481442,2026-05-05 12:07:44.481442,热菜,美团外卖|饿了么|微信小程序
CUST00338,13,546.34,18.211333333333336,2026-03-07 19:01:41.481442,2026-06-04 11:27:37.481442,热菜,饿了么|微信小程序|美团外卖
CUST00339,32,1184.44,17.165797101449275,2026-03-07 10:15:55.481442,2026-05-28 11:21:40.481442,热菜,美团外卖|微信小程序|饿了么
CUST00340,49,2037.18,17.714608695652174,2026-03-07 22:35:58.481442,2026-06-02 20:24:05.481442,热菜,美团外卖|微信小程序|饿了么
CUST00341,27,1024.44,17.363389830508474,2026-03-07 19:35:59.481442,2026-06-04 19:21:57.481442,热菜,微信小程序|美团外卖|饿了么
CUST00342,26,1068.15,20.541346153846156,2026-03-09 17:40:53.481442,2026-05-31 11:20:31.481442,热菜,微信小程序|美团外卖|饿了么
CUST00343,47,2074.04,19.38355140186916,2026-03-07 17:46:42.481442,2026-06-03 22:17:42.481442,热菜,微信小程序|饿了么|美团外卖
CUST00344,34,1700.15,21.796794871794873,2026-03-09 11:14:06.481442,2026-05-28 19:40:08.481442,热菜,美团外卖|微信小程序|饿了么
CUST00345,24,1096.09,21.491960784313722,2026-03-08 15:46:29.481442,2026-05-28 11:52:40.481442,热菜,美团外卖|微信小程序|饿了么
CUST00346,11,445.28,18.55333333333333,2026-03-13 18:48:07.481442,2026-05-25 12:49:09.481442,热菜,美团外卖|微信小程序
CUST00347,14,600.13,18.185757575757577,2026-03-09 17:50:55.481442,2026-06-01 17:47:22.481442,热菜,美团外卖|微信小程序|饿了么
CUST00348,54,2059.08,17.90504347826087,2026-03-07 19:26:14.481442,2026-06-04 16:04:07.481442,热菜,饿了么|美团外卖|微信小程序
CUST00349,30,1395.5,20.22463768115942,2026-03-09 09:42:44.481442,2026-06-03 10:06:34.481442,热菜,饿了么|微信小程序|美团外卖
CUST00350,8,273.24,16.07294117647059,2026-03-27 11:18:41.481442,2026-06-03 10:34:07.481442,饮品,微信小程序|美团外卖|饿了么
CUST00351,17,762.28,20.602162162162163,2026-03-08 18:06:14.481442,2026-06-02 19:46:12.481442,热菜,微信小程序|饿了么|美团外卖
CUST00352,8,271.0,16.9375,2026-03-28 18:58:43.481442,2026-05-28 20:05:13.481442,饮品,饿了么|微信小程序|美团外卖
CUST00353,15,796.95,21.53918918918919,2026-03-07 09:25:35.481442,2026-06-04 19:19:44.481442,热菜,微信小程序|饿了么|美团外卖
CUST00354,57,2695.88,20.423333333333336,2026-03-07 20:13:35.481442,2026-06-04 19:55:56.481442,热菜,美团外卖|饿了么|微信小程序
CUST00355,51,2077.33,19.41429906542056,2026-03-07 11:27:13.481442,2026-05-31 19:40:57.481442,热菜,美团外卖|微信小程序|饿了么
CUST00356,10,381.94,15.914166666666667,2026-03-09 17:34:14.481442,2026-05-19 19:38:35.481442,饮品,美团外卖|微信小程序|饿了么
CUST00357,42,1581.01,19.762625,2026-03-07 18:55:57.481442,2026-06-02 11:34:35.481442,热菜,美团外卖|微信小程序|饿了么
CUST00358,10,419.47,19.974761904761905,2026-03-07 12:22:01.481442,2026-05-24 11:25:57.481442,热菜,美团外卖|饿了么|微信小程序
CUST00359,2,51.0,12.75,2026-04-08 19:33:06.481442,2026-05-09 11:48:18.481442,饮品,微信小程序
CUST00360,23,942.31,17.13290909090909,2026-03-23 13:49:03.481442,2026-06-01 21:01:22.481442,热菜,饿了么|美团外卖|微信小程序
CUST00361,27,1149.28,20.52285714285714,2026-03-07 11:24:27.481442,2026-06-03 12:54:57.481442,热菜,美团外卖|微信小程序|饿了么
CUST00362,17,753.67,17.128863636363636,2026-03-15 19:21:53.481442,2026-06-03 12:35:52.481442,饮品,微信小程序|美团外卖|饿了么
CUST00363,28,1275.99,21.2665,2026-03-07 18:39:50.481442,2026-06-01 20:25:35.481442,热菜,微信小程序|饿了么|美团外卖
CUST00364,9,307.0,18.058823529411764,2026-03-12 18:23:48.481442,2026-05-27 17:42:05.481442,汤类,美团外卖|微信小程序|饿了么
CUST00365,6,168.0,16.8,2026-03-27 11:52:35.481442,2026-05-28 13:33:44.481442,汤类,饿了么|美团外卖|微信小程序
CUST00366,38,1539.79,16.92076923076923,2026-03-07 17:58:45.481442,2026-06-03 19:55:58.481442,热菜,微信小程序|美团外卖|饿了么
CUST00367,5,271.0,20.846153846153847,2026-03-10 21:01:02.481442,2026-06-04 12:08:48.481442,热菜,美团外卖|饿了么|微信小程序
CUST00368,11,550.65,22.943749999999998,2026-03-07 19:53:27.481442,2026-05-17 12:29:16.481442,热菜,美团外卖|饿了么|微信小程序
CUST00369,52,2451.6,20.953846153846154,2026-03-08 19:29:18.481442,2026-06-04 11:47:38.481442,热菜,美团外卖|饿了么|微信小程序
CUST00370,42,1887.66,19.663125,2026-03-08 18:13:39.481442,2026-06-03 17:28:58.481442,热菜,微信小程序|美团外卖|饿了么
CUST00371,46,2037.12,20.16950495049505,2026-03-09 09:44:03.481442,2026-06-03 11:52:09.481442,热菜,美团外卖|微信小程序|饿了么
CUST00372,47,1592.06,17.305,2026-03-12 07:59:12.481442,2026-06-04 13:17:43.481442,热菜,饿了么|微信小程序|美团外卖
CUST00373,45,1842.91,18.805204081632652,2026-03-07 05:27:17.481442,2026-06-04 10:27:00.481442,热菜,美团外卖|微信小程序|饿了么
CUST00374,21,1093.42,20.24851851851852,2026-03-09 13:50:39.481442,2026-06-04 20:42:04.481442,热菜,饿了么|美团外卖|微信小程序
CUST00375,44,1625.89,17.11463157894737,2026-03-08 15:09:19.481442,2026-06-02 20:15:43.481442,热菜,美团外卖|微信小程序|饿了么
CUST00376,28,1084.88,17.220317460317464,2026-03-12 12:06:15.481442,2026-06-03 12:34:55.481442,热菜,美团外卖|饿了么|微信小程序
CUST00377,5,181.66,16.514545454545456,2026-03-13 17:15:29.481442,2026-05-19 19:52:49.481442,热菜,美团外卖|微信小程序|饿了么
CUST00378,44,1933.04,19.525656565656565,2026-03-11 18:40:40.481442,2026-06-04 11:01:33.481442,热菜,微信小程序|饿了么|美团外卖
CUST00379,2,120.0,24.0,2026-03-21 17:59:36.481442,2026-03-21 20:42:52.481442,热菜,美团外卖
CUST00380,32,1450.04,21.642388059701492,2026-03-08 11:54:58.481442,2026-06-04 11:44:05.481442,热菜,美团外卖|微信小程序|饿了么
CUST00381,43,1744.82,17.624444444444443,2026-03-09 18:54:20.481442,2026-06-03 18:41:29.481442,热菜,饿了么|微信小程序|美团外卖
CUST00382,19,873.53,20.798333333333332,2026-03-14 13:12:28.481442,2026-06-03 20:54:06.481442,热菜,美团外卖|微信小程序|饿了么
CUST00383,11,626.87,20.895666666666667,2026-03-17 11:40:21.481442,2026-06-03 12:31:57.481442,热菜,微信小程序|饿了么|美团外卖
CUST00384,10,516.17,21.50708333333333,2026-03-07 18:24:56.481442,2026-05-30 17:11:50.481442,凉菜,美团外卖|饿了么|微信小程序
CUST00385,15,541.91,16.421515151515152,2026-03-13 08:47:08.481442,2026-05-28 19:02:34.481442,热菜,美团外卖|饿了么|微信小程序
CUST00386,7,382.4,25.493333333333332,2026-03-09 10:01:32.481442,2026-05-30 11:22:03.481442,热菜,饿了么|美团外卖|微信小程序
CUST00387,31,1158.08,17.546666666666667,2026-03-09 13:10:59.481442,2026-06-02 15:35:54.481442,热菜,美团外卖|饿了么|微信小程序
CUST00388,44,1656.5,18.203296703296704,2026-03-07 16:48:11.481442,2026-06-01 12:16:15.481442,热菜,微信小程序|美团外卖|饿了么
CUST00389,7,359.78,22.48625,2026-03-12 14:28:01.481442,2026-06-03 12:51:38.481442,热菜,美团外卖|饿了么
CUST00390,6,130.36,14.484444444444446,2026-03-11 10:42:18.481442,2026-05-21 16:55:46.481442,饮品,美团外卖|微信小程序|饿了么
CUST00391,3,107.0,21.4,2026-04-22 21:56:36.481442,2026-05-29 16:11:03.481442,凉菜,微信小程序|饿了么
CUST00392,25,961.92,17.177142857142858,2026-03-07 12:40:44.481442,2026-06-03 13:45:54.481442,饮品,微信小程序|美团外卖|饿了么
CUST00393,23,846.62,16.9324,2026-03-07 20:18:29.481442,2026-05-30 19:57:18.481442,热菜,美团外卖|微信小程序|饿了么
CUST00394,12,541.94,22.580833333333334,2026-03-07 12:42:33.481442,2026-05-29 20:02:00.481442,热菜,微信小程序|美团外卖|饿了么
CUST00395,27,1049.3600000000001,20.180000000000003,2026-03-07 19:26:31.481442,2026-06-04 12:42:32.481442,热菜,微信小程序|美团外卖|饿了么
CUST00396,7,283.73,14.1865,2026-03-07 11:29:27.481442,2026-05-19 17:03:19.481442,小吃,美团外卖|饿了么|微信小程序
CUST00397,4,216.0,24.0,2026-03-07 19:41:31.481442,2026-05-19 12:10:09.481442,凉菜,美团外卖|饿了么
CUST00398,30,1273.72,18.731176470588235,2026-03-11 09:15:03.481442,2026-06-04 14:44:54.481442,凉菜,美团外卖|微信小程序|饿了么
CUST00399,17,562.33,16.06657142857143,2026-03-14 13:53:10.481442,2026-06-03 21:40:03.481442,饮品,美团外卖|微信小程序|饿了么
CUST00400,14,345.14,13.8056,2026-03-08 21:35:51.481442,2026-06-02 12:00:02.481442,主食,美团外卖|微信小程序|饿了么
CUST00401,50,2056.07,20.157549019607846,2026-03-07 10:24:37.481442,2026-06-01 21:13:22.481442,热菜,美团外卖|微信小程序|饿了么
CUST00402,5,348.19,29.015833333333333,2026-03-21 16:57:13.481442,2026-05-29 18:04:29.481442,热菜,美团外卖|微信小程序
CUST00403,17,604.05,16.325675675675676,2026-03-07 13:56:36.481442,2026-06-04 19:11:21.481442,主食,微信小程序|美团外卖|饿了么
CUST00404,9,263.24,14.624444444444444,2026-03-07 14:35:10.481442,2026-06-02 11:20:54.481442,热菜,饿了么|美团外卖|微信小程序
CUST00405,34,1153.03,16.014305555555556,2026-03-12 08:28:04.481442,2026-06-02 11:11:08.481442,饮品,微信小程序|美团外卖|饿了么
CUST00406,7,383.02,23.93875,2026-03-09 21:23:29.481442,2026-05-31 07:25:57.481442,热菜,微信小程序|饿了么|美团外卖
CUST00407,30,1376.24,22.937333333333335,2026-03-07 16:45:25.481442,2026-06-01 11:01:41.481442,热菜,微信小程序|美团外卖|饿了么
CUST00408,54,2083.47,18.117130434782606,2026-03-09 11:50:51.481442,2026-06-04 12:07:17.481442,热菜,微信小程序|饿了么|美团外卖
CUST00409,5,156.92,15.691999999999998,2026-03-15 22:12:48.481442,2026-05-17 18:57:17.481442,小吃,饿了么|美团外卖
CUST00410,34,1195.69,15.942533333333333,2026-03-08 10:47:08.481442,2026-06-01 17:32:20.481442,热菜,美团外卖|微信小程序|饿了么
CUST00411,30,951.55,15.34758064516129,2026-03-07 01:11:59.481442,2026-06-04 12:11:17.481442,热菜,美团外卖|微信小程序|饿了么
CUST00412,16,787.9,18.75952380952381,2026-03-09 12:45:18.481442,2026-05-31 18:43:56.481442,热菜,饿了么|美团外卖|微信小程序
CUST00413,5,319.42,24.570769230769233,2026-03-22 12:57:36.481442,2026-05-12 17:38:58.481442,热菜,美团外卖|微信小程序|饿了么
CUST00414,12,572.54,22.02076923076923,2026-03-10 11:29:17.481442,2026-05-18 12:30:32.481442,热菜,美团外卖|饿了么|微信小程序
CUST00415,18,697.24,17.87794871794872,2026-03-07 10:24:08.481442,2026-05-21 12:43:29.481442,热菜,美团外卖|饿了么|微信小程序
CUST00416,22,869.67,19.765227272727273,2026-03-20 18:06:19.481442,2026-05-31 14:15:06.481442,热菜,美团外卖|饿了么|微信小程序
CUST00417,27,1262.95,20.70409836065574,2026-03-13 20:48:42.481442,2026-05-26 19:34:14.481442,热菜,饿了么|美团外卖|微信小程序
CUST00418,35,1650.37,20.629624999999997,2026-03-12 11:09:23.481442,2026-06-04 12:44:20.481442,热菜,微信小程序|美团外卖|饿了么
CUST00419,12,490.06,17.502142857142857,2026-03-19 10:41:02.481442,2026-05-26 20:36:48.481442,热菜,美团外卖|微信小程序|饿了么
CUST00420,13,505.96,17.446896551724137,2026-03-07 10:13:31.481442,2026-06-02 11:56:09.481442,热菜,微信小程序|美团外卖|饿了么
CUST00421,21,833.34,17.730638297872343,2026-03-07 09:24:27.481442,2026-05-28 19:40:47.481442,热菜,饿了么|美团外卖|微信小程序
CUST00422,14,579.98,20.71357142857143,2026-03-17 12:24:09.481442,2026-06-02 12:37:41.481442,汤类,微信小程序|饿了么|美团外卖
CUST00423,37,1606.99,19.597439024390244,2026-03-09 10:42:21.481442,2026-05-29 18:35:30.481442,热菜,美团外卖|饿了么|微信小程序
CUST00424,24,756.04,17.58232558139535,2026-03-07 10:03:47.481442,2026-06-04 10:34:18.481442,热菜,美团外卖|微信小程序|饿了么
CUST00425,44,1532.92,16.66217391304348,2026-03-07 18:48:08.481442,2026-06-02 11:57:07.481442,热菜,饿了么|微信小程序|美团外卖
CUST00426,18,879.09,21.97725,2026-03-08 19:10:10.481442,2026-05-24 17:02:17.481442,热菜,饿了么|美团外卖|微信小程序
CUST00427,15,913.44,24.037894736842105,2026-03-09 18:47:34.481442,2026-05-27 08:45:45.481442,热菜,美团外卖|微信小程序|饿了么
CUST00428,7,271.11,18.074,2026-03-08 19:45:04.481442,2026-04-16 19:53:09.481442,小吃,美团外卖|饿了么|微信小程序
CUST00429,28,1175.86,19.597666666666665,2026-03-08 12:39:14.481442,2026-06-03 18:13:16.481442,热菜,美团外卖|饿了么|微信小程序
CUST00430,49,1905.23,18.14504761904762,2026-03-07 18:20:30.481442,2026-06-04 18:45:29.481442,热菜,微信小程序|饿了么|美团外卖
CUST00431,43,1786.5,19.63186813186813,2026-03-08 17:43:33.481442,2026-06-02 18:41:30.481442,热菜,美团外卖|饿了么|微信小程序
CUST00432,11,387.52,15.5008,2026-03-07 09:10:10.481442,2026-05-13 22:47:20.481442,小吃,美团外卖|微信小程序|饿了么
CUST00433,10,363.01,16.500454545454545,2026-04-02 20:40:15.481442,2026-06-02 12:11:31.481442,热菜,微信小程序|美团外卖|饿了么
CUST00434,59,2311.01,17.246343283582092,2026-03-12 18:19:14.481442,2026-06-04 18:26:16.481442,热菜,美团外卖|饿了么|微信小程序
CUST00435,38,1832.55,21.308720930232557,2026-03-20 09:50:12.481442,2026-06-04 10:50:45.481442,热菜,饿了么|美团外卖|微信小程序
CUST00436,11,576.44,19.877241379310348,2026-03-13 19:32:42.481442,2026-06-03 12:39:03.481442,饮品,微信小程序|饿了么|美团外卖
CUST00437,44,1592.67,16.943297872340427,2026-03-07 19:52:32.481442,2026-06-03 12:01:23.481442,热菜,美团外卖|微信小程序|饿了么
CUST00438,7,300.61,17.68294117647059,2026-03-21 18:16:22.481442,2026-06-04 11:25:46.481442,主食,微信小程序|美团外卖
CUST00439,17,646.09,17.46189189189189,2026-03-07 20:50:30.481442,2026-05-30 18:49:32.481442,饮品,微信小程序|饿了么|美团外卖
CUST00440,35,1454.7,19.14078947368421,2026-03-07 12:22:11.481442,2026-06-02 09:25:31.481442,热菜,微信小程序|饿了么|美团外卖
CUST00441,53,2215.07,19.955585585585588,2026-03-07 19:55:05.481442,2026-06-03 11:38:53.481442,热菜,美团外卖|微信小程序|饿了么
CUST00442,5,144.79,16.087777777777777,2026-03-25 13:45:59.481442,2026-05-21 16:12:33.481442,主食,美团外卖|饿了么|微信小程序
CUST00443,29,1152.69,18.296666666666667,2026-03-15 11:14:48.481442,2026-06-04 11:50:42.481442,饮品,饿了么|微信小程序|美团外卖
CUST00444,33,1281.13,16.856973684210526,2026-03-16 12:41:50.481442,2026-06-04 11:17:23.481442,饮品,美团外卖|微信小程序|饿了么
CUST00445,12,482.11,17.855925925925927,2026-03-10 18:06:48.481442,2026-06-04 19:13:15.481442,主食,美团外卖|饿了么|微信小程序
CUST00446,4,130.0,18.571428571428573,2026-03-24 15:56:55.481442,2026-05-28 15:44:15.481442,热菜,美团外卖|饿了么|微信小程序
CUST00447,8,282.0,21.692307692307693,2026-03-13 11:04:08.481442,2026-06-04 19:23:12.481442,热菜,饿了么|微信小程序|美团外卖
CUST00448,9,307.77,15.388499999999999,2026-03-26 18:13:37.481442,2026-05-10 13:12:27.481442,小吃,美团外卖|饿了么|微信小程序
CUST00449,24,848.92,16.017358490566036,2026-03-13 18:40:56.481442,2026-06-03 17:48:52.481442,热菜,美团外卖|饿了么|微信小程序
CUST00450,36,1543.43,18.158,2026-03-12 18:25:48.481442,2026-06-04 18:11:19.481442,热菜,美团外卖|饿了么|微信小程序
CUST00451,14,609.78,18.478181818181817,2026-03-22 19:16:03.481442,2026-05-30 18:51:54.481442,小吃,微信小程序|美团外卖|饿了么
CUST00452,18,801.61,20.554102564102564,2026-03-07 17:32:52.481442,2026-05-31 11:11:02.481442,热菜,饿了么|美团外卖|微信小程序
CUST00453,42,1750.56,19.02782608695652,2026-03-07 20:52:15.481442,2026-06-03 01:38:50.481442,热菜,饿了么|美团外卖|微信小程序
CUST00454,6,302.73,25.227500000000003,2026-03-21 16:00:01.481442,2026-04-29 19:04:16.481442,小吃,饿了么|微信小程序|美团外卖
CUST00455,57,2259.76,18.522622950819674,2026-03-13 12:59:58.481442,2026-06-03 18:48:46.481442,热菜,微信小程序|饿了么|美团外卖
CUST00456,23,704.0,15.644444444444444,2026-03-07 08:54:34.481442,2026-06-01 15:58:04.481442,主食,饿了么|微信小程序|美团外卖
CUST00457,41,1543.6299999999999,17.344157303370785,2026-03-13 16:36:29.481442,2026-05-30 20:06:39.481442,热菜,微信小程序|美团外卖|饿了么
CUST00458,37,1498.92,19.216923076923077,2026-03-08 14:24:02.481442,2026-06-01 12:04:51.481442,热菜,美团外卖|饿了么|微信小程序
CUST00459,55,2308.2,18.91967213114754,2026-03-07 23:39:34.481442,2026-05-31 21:39:05.481442,热菜,美团外卖|微信小程序|饿了么
CUST00460,47,1945.95,20.924193548387098,2026-03-07 19:45:01.481442,2026-06-04 20:36:51.481442,热菜,美团外卖|饿了么|微信小程序
CUST00461,44,1949.33,18.925533980582525,2026-03-07 23:56:39.481442,2026-06-04 18:43:19.481442,热菜,美团外卖|微信小程序|饿了么
CUST00462,11,507.28,21.136666666666667,2026-03-14 22:30:43.481442,2026-05-30 17:57:00.481442,热菜,美团外卖|微信小程序|饿了么
CUST00463,7,284.32,16.72470588235294,2026-03-28 20:51:08.481442,2026-05-29 19:03:36.481442,热菜,美团外卖|微信小程序|饿了么
CUST00464,12,563.61,18.180967741935483,2026-03-29 21:09:52.481442,2026-05-29 23:46:48.481442,热菜,饿了么|美团外卖|微信小程序
CUST00465,9,379.90999999999997,17.26863636363636,2026-03-11 18:56:04.481442,2026-05-15 18:15:36.481442,热菜,微信小程序|饿了么|美团外卖
CUST00466,25,977.35,18.44056603773585,2026-03-15 00:19:20.481442,2026-06-03 18:55:27.481442,热菜,饿了么|微信小程序|美团外卖
CUST00467,26,926.58,16.54607142857143,2026-03-17 11:30:14.481442,2026-05-27 12:32:01.481442,热菜,美团外卖|饿了么|微信小程序
CUST00468,7,286.7,17.91875,2026-03-08 20:50:20.481442,2026-05-26 13:53:32.481442,热菜,美团外卖|微信小程序
CUST00469,35,1585.09,19.330365853658535,2026-03-14 10:29:06.481442,2026-06-04 19:42:06.481442,热菜,饿了么|美团外卖|微信小程序
CUST00470,6,230.14,23.014,2026-03-26 19:03:10.481442,2026-06-02 14:32:23.481442,热菜,美团外卖|微信小程序|饿了么
CUST00471,38,1468.22,16.87609195402299,2026-03-10 18:47:09.481442,2026-06-04 18:59:09.481442,热菜,微信小程序|美团外卖|饿了么
CUST00472,8,282.17,16.598235294117647,2026-03-22 23:11:50.481442,2026-05-22 16:02:00.481442,热菜,美团外卖|饿了么|微信小程序
CUST00473,45,1794.92,19.51,2026-03-07 12:09:11.481442,2026-06-04 19:02:35.481442,热菜,美团外卖|饿了么|微信小程序
CUST00474,10,384.96,16.04,2026-03-18 12:14:37.481442,2026-05-29 12:56:02.481442,热菜,饿了么|美团外卖|微信小程序
CUST00475,22,804.34,18.705581395348837,2026-03-07 14:35:42.481442,2026-06-02 20:46:44.481442,热菜,微信小程序|美团外卖|饿了么
CUST00476,8,364.63,17.363333333333333,2026-03-15 15:48:00.481442,2026-05-15 11:02:41.481442,热菜,微信小程序|饿了么|美团外卖
CUST00477,51,1799.34,17.13657142857143,2026-03-08 21:57:58.481442,2026-06-01 18:44:27.481442,热菜,微信小程序|美团外卖|饿了么
CUST00478,18,961.5699999999999,22.894523809523808,2026-03-19 11:14:13.481442,2026-06-02 18:03:46.481442,热菜,美团外卖|饿了么|微信小程序
CUST00479,5,298.93,21.35214285714286,2026-03-24 17:44:58.481442,2026-05-25 18:27:03.481442,热菜,美团外卖|饿了么
CUST00480,18,750.07,19.232564102564105,2026-03-08 16:55:35.481442,2026-05-30 13:40:19.481442,热菜,饿了么|美团外卖|微信小程序
CUST00481,10,495.04,20.62666666666667,2026-03-07 17:55:00.481442,2026-06-01 09:28:53.481442,热菜,美团外卖|饿了么|微信小程序
CUST00482,22,873.94,20.324186046511628,2026-03-14 08:47:13.481442,2026-06-04 11:55:43.481442,热菜,美团外卖|饿了么|微信小程序
CUST00483,22,839.78,18.256086956521738,2026-03-15 18:00:54.481442,2026-06-03 13:58:33.481442,热菜,饿了么|美团外卖|微信小程序
CUST00484,21,915.88,20.352888888888888,2026-03-12 18:19:47.481442,2026-06-02 15:56:08.481442,热菜,微信小程序|饿了么|美团外卖
CUST00485,16,668.92,18.58111111111111,2026-03-12 12:35:09.481442,2026-05-28 16:52:59.481442,热菜,美团外卖|饿了么|微信小程序
CUST00486,12,478.48,19.936666666666667,2026-03-21 16:20:33.481442,2026-06-03 16:17:01.481442,热菜,微信小程序|美团外卖|饿了么
CUST00487,48,1661.65,16.784343434343434,2026-03-07 11:07:40.481442,2026-06-01 20:21:28.481442,热菜,美团外卖|饿了么|微信小程序
CUST00488,33,1161.28,15.483733333333333,2026-03-10 10:17:21.481442,2026-05-31 17:05:54.481442,饮品,美团外卖|饿了么|微信小程序
CUST00489,3,225.39,37.565,2026-03-22 13:00:32.481442,2026-05-03 23:12:43.481442,热菜,美团外卖|微信小程序|饿了么
CUST00490,8,368.71,23.044375,2026-03-18 17:08:49.481442,2026-06-02 16:58:17.481442,热菜,美团外卖|微信小程序|饿了么
CUST00491,24,1070.14,20.983137254901962,2026-03-07 18:51:28.481442,2026-06-03 12:00:04.481442,热菜,微信小程序|饿了么|美团外卖
CUST00492,16,597.47,17.57264705882353,2026-03-07 14:17:42.481442,2026-05-30 18:25:50.481442,热菜,美团外卖|饿了么|微信小程序
CUST00493,33,1476.66,20.228219178082192,2026-03-08 18:07:50.481442,2026-06-03 12:12:35.481442,热菜,饿了么|美团外卖|微信小程序
CUST00494,45,1971.03,18.952211538461537,2026-03-07 18:43:38.481442,2026-06-03 19:51:57.481442,热菜,微信小程序|美团外卖|饿了么
CUST00495,35,1606.62,21.13973684210526,2026-03-08 18:45:55.481442,2026-06-04 13:44:25.481442,热菜,微信小程序|美团外卖|饿了么
CUST00496,34,1583.21,20.83171052631579,2026-03-17 13:56:10.481442,2026-06-04 12:21:35.481442,热菜,饿了么|微信小程序|美团外卖
CUST00497,8,339.1,16.955000000000002,2026-03-18 19:28:43.481442,2026-06-04 19:19:02.481442,热菜,饿了么|美团外卖|微信小程序
CUST00498,49,2136.23,19.07348214285714,2026-03-09 19:07:30.481442,2026-06-04 18:10:37.481442,热菜,美团外卖|饿了么|微信小程序
CUST00499,3,51.69,10.338,2026-03-07 23:23:17.481442,2026-05-28 16:05:20.481442,饮品,美团外卖|饿了么
CUST00500,7,253.0,23.0,2026-03-09 18:11:34.481442,2026-06-03 22:45:47.481442,主食,美团外卖|微信小程序
